timestamp,frame,track_id,cls,x1,y1,x2,y2
2025-10-29T11:49:40.878182,0,1,0,428,264,947,713
2025-10-29T11:49:41.400622,1,1,0,428,264,947,713
2025-10-29T11:49:41.400622,1,2,0,385,263,948,718
2025-10-29T11:49:41.543569,2,1,0,428,264,947,713
2025-10-29T11:49:41.543569,2,2,0,385,263,948,718
2025-10-29T11:49:41.543569,2,3,0,430,267,946,720
2025-10-29T11:52:17.543530,0,1,0,396,166,1043,713
2025-10-29T11:52:17.788786,1,1,0,380,146,1084,715
2025-10-29T11:52:17.935102,2,1,0,375,148,1081,715
2025-10-29T11:52:18.125824,3,1,0,379,144,1089,715
2025-10-29T11:52:18.244148,4,1,0,383,147,1086,714
2025-10-29T11:52:18.353880,5,1,0,384,147,1083,714
2025-10-29T11:52:18.487498,6,1,0,382,148,1084,715
2025-10-29T11:52:18.642245,7,1,0,383,149,1081,714
2025-10-29T11:52:18.763470,8,1,0,383,150,1078,714
2025-10-29T11:52:18.892635,9,1,0,381,149,1081,715
2025-10-29T11:52:19.004890,10,1,0,382,149,1074,714
2025-10-29T11:52:19.138059,11,1,0,385,148,1058,714
2025-10-29T11:52:19.246536,12,1,0,395,149,1030,714
2025-10-29T11:52:19.378387,13,1,0,390,152,1014,714
2025-10-29T11:52:19.488891,14,1,0,395,162,987,714
2025-10-29T11:52:19.616164,15,1,0,403,169,982,714
2025-10-29T11:52:19.735183,16,1,0,389,167,1007,715
2025-10-29T11:52:19.881002,17,1,0,338,156,1018,716
2025-10-29T11:52:20.007956,18,1,0,353,158,986,716
2025-10-29T11:52:20.144438,19,1,0,380,150,978,716
2025-10-29T11:52:20.274556,20,1,0,367,140,1034,716
2025-10-29T11:52:20.426311,21,1,0,341,138,1039,717
2025-10-29T11:52:20.555480,22,1,0,320,137,1030,717
2025-10-29T11:52:20.689680,23,1,0,311,134,1018,717
2025-10-29T11:52:20.829884,24,1,0,323,127,1023,717
2025-10-29T11:52:20.963720,25,1,0,314,119,1049,717
2025-10-29T11:52:21.078468,26,1,0,315,111,1050,717
2025-10-29T11:52:21.204407,27,1,0,312,105,1053,717
2025-10-29T11:52:21.314007,28,1,0,315,103,1054,717
2025-10-29T11:52:21.446351,29,1,0,313,107,1045,716
2025-10-29T11:52:21.579459,30,1,0,321,109,1046,717
2025-10-29T11:52:21.693852,31,1,0,320,112,1042,717
2025-10-29T11:52:21.835672,32,1,0,322,114,1040,717
2025-10-29T11:52:21.959418,33,1,0,321,114,1040,717
2025-10-29T11:52:22.074046,34,1,0,323,114,1042,717
2025-10-29T11:52:22.203389,35,1,0,324,115,1041,717
2025-10-29T11:52:22.344723,36,1,0,327,115,1042,717
2025-10-29T11:52:22.492209,37,1,0,322,117,1035,718
2025-10-29T11:52:22.617574,38,1,0,325,121,1034,719
2025-10-29T11:52:22.750604,39,1,0,324,123,1029,717
2025-10-29T11:52:22.867467,40,1,0,325,125,1032,717
2025-10-29T11:52:22.991054,41,1,0,327,128,1026,716
2025-10-29T11:52:23.102748,42,1,0,326,128,1029,716
2025-10-29T11:52:23.233504,43,1,0,327,128,1027,717
2025-10-29T11:52:23.341825,44,1,0,328,125,1028,717
2025-10-29T11:52:23.483151,45,1,0,328,124,1038,717
2025-10-29T11:52:23.621920,46,1,0,350,131,1025,715
2025-10-29T11:52:23.750640,47,1,0,357,131,1023,717
2025-10-29T11:52:23.860200,48,1,0,362,129,1018,715
2025-10-29T11:52:23.993498,49,1,0,362,131,1023,715
2025-10-29T11:52:24.127678,50,1,0,367,132,1020,715
2025-10-29T11:52:24.238716,51,1,0,377,135,1013,715
2025-10-29T11:52:24.370278,52,1,0,375,132,1016,715
2025-10-29T11:52:24.501332,53,1,0,375,132,1019,715
2025-10-29T11:52:24.617014,54,1,0,374,131,1012,715
2025-10-29T11:52:24.758361,55,1,0,373,130,1020,715
2025-10-29T11:52:24.897611,56,1,0,375,128,1027,715
2025-10-29T11:52:25.026316,57,1,0,366,119,1030,712
2025-10-29T11:52:25.160467,58,1,0,359,104,1038,713
2025-10-29T11:52:25.302621,59,1,0,335,83,1056,713
2025-10-29T11:52:25.442341,60,1,0,328,70,1067,712
2025-10-29T11:52:25.575151,61,1,0,322,53,1075,712
2025-10-29T11:52:25.711852,62,1,0,312,44,1081,712
2025-10-29T11:52:25.831855,63,1,0,303,37,1083,713
2025-10-29T11:52:25.959507,64,1,0,274,32,1086,713
2025-10-29T11:52:26.096330,65,1,0,267,25,1087,713
2025-10-29T11:52:26.238009,66,1,0,251,25,1087,713
2025-10-29T11:52:26.377444,67,1,0,250,24,1087,713
2025-10-29T11:52:26.506411,68,1,0,251,20,1087,712
2025-10-29T11:52:26.656455,69,1,0,251,18,1083,713
2025-10-29T11:52:26.788895,70,1,0,252,16,1089,714
2025-10-29T11:52:26.926800,71,1,0,247,17,1085,713
2025-10-29T11:52:27.067651,72,1,0,256,19,1085,713
2025-10-29T11:52:27.205114,73,1,0,292,24,1083,712
2025-10-29T11:52:27.335950,74,1,0,303,48,1060,711
2025-10-29T11:52:27.483112,75,1,0,324,87,1039,713
2025-10-29T11:52:27.613798,76,1,0,354,129,999,714
2025-10-29T11:52:27.749214,77,1,0,378,167,981,714
2025-10-29T11:52:27.884148,78,1,0,376,194,953,715
2025-10-29T11:52:28.025248,79,1,0,368,214,961,715
2025-10-29T11:52:28.162736,80,1,0,347,220,960,715
2025-10-29T11:52:28.295195,81,1,0,359,224,945,714
2025-10-29T11:52:28.437390,82,1,0,363,228,953,714
2025-10-29T11:52:28.568407,83,1,0,427,226,990,715
2025-10-29T11:52:28.693749,84,1,0,412,223,1001,713
2025-10-29T11:52:28.899091,85,1,0,450,216,1027,713
2025-10-29T11:52:29.021589,86,1,0,425,207,1036,716
2025-10-29T11:52:29.154453,87,1,0,421,213,1009,715
2025-10-29T11:52:29.268523,88,1,0,416,212,979,714
2025-10-29T11:52:29.399569,89,1,0,399,209,949,714
2025-10-29T11:52:29.544114,90,1,0,315,208,910,715
2025-10-29T11:52:29.675765,91,1,0,341,205,925,715
2025-10-29T11:52:29.815454,92,1,0,321,203,926,714
2025-10-29T11:52:29.956119,93,1,0,311,200,914,713
2025-10-29T11:52:30.089869,94,1,0,283,200,899,714
2025-10-29T11:52:30.233259,95,1,0,258,201,900,714
2025-10-29T11:52:30.367797,96,1,0,246,206,891,714
2025-10-29T11:52:30.505128,97,1,0,237,209,894,714
2025-10-29T11:52:30.646075,98,1,0,246,208,898,714
2025-10-29T11:52:30.786399,99,1,0,260,204,908,714
2025-10-29T11:52:30.914068,100,1,0,291,198,938,713
2025-10-29T11:52:31.050281,101,1,0,320,193,948,714
2025-10-29T11:52:31.187535,102,1,0,323,185,970,714
2025-10-29T11:52:31.322625,103,1,0,329,176,976,715
2025-10-29T11:52:31.436288,104,1,0,360,170,974,715
2025-10-29T11:52:31.564663,105,1,0,378,162,972,714
2025-10-29T11:52:31.678472,106,1,0,380,164,974,714
2025-10-29T11:52:31.804809,107,1,0,382,162,969,714
2025-10-29T11:52:31.917641,108,1,0,385,163,973,714
2025-10-29T11:52:32.055279,109,1,0,383,157,973,714
2025-10-29T11:52:32.188839,110,1,0,391,164,973,713
2025-10-29T11:52:32.326103,111,1,0,400,166,962,713
2025-10-29T11:52:32.461287,112,1,0,405,164,990,713
2025-10-29T11:52:32.600686,113,1,0,408,166,1005,713
2025-10-29T11:52:32.744160,114,1,0,411,166,1011,713
2025-10-29T11:52:32.876495,115,1,0,411,167,1012,712
2025-10-29T11:52:33.010237,116,1,0,410,167,1004,712
2025-10-29T11:52:33.124645,117,1,0,405,167,1022,713
2025-10-29T11:52:33.258626,118,1,0,407,169,1010,713
2025-10-29T11:52:33.404958,119,1,0,406,169,1015,713
2025-10-29T11:52:33.541345,120,1,0,398,169,1004,714
2025-10-29T11:52:33.673263,121,1,0,396,169,1021,714
2025-10-29T11:52:33.808963,122,1,0,394,171,1009,714
2025-10-29T11:52:33.947947,123,1,0,394,169,1011,714
2025-10-29T11:52:34.088687,124,1,0,391,167,1011,714
2025-10-29T11:52:34.226813,125,1,0,391,166,1012,714
2025-10-29T11:52:34.369344,126,1,0,393,167,996,714
2025-10-29T11:52:34.495318,127,1,0,400,168,1002,713
2025-10-29T11:52:34.643073,128,1,0,399,167,1002,714
2025-10-29T11:52:34.797441,129,1,0,403,168,992,713
2025-10-29T11:52:34.920689,130,1,0,409,166,986,712
2025-10-29T11:52:35.057182,131,1,0,407,167,981,712
2025-10-29T11:52:35.204010,132,1,0,412,170,966,712
2025-10-29T11:52:35.338556,133,1,0,410,170,971,713
2025-10-29T11:52:35.473527,134,1,0,410,170,986,713
2025-10-29T11:52:35.613468,135,1,0,405,176,985,713
2025-10-29T11:53:19.959385,0,1,0,384,148,1045,714
2025-10-29T11:53:20.093649,1,1,0,394,150,1038,714
2025-10-29T11:53:20.238728,2,1,0,388,151,1033,714
2025-10-29T11:53:20.364376,3,1,0,388,153,1031,713
2025-10-29T11:53:20.511781,4,1,0,387,150,1031,713
2025-10-29T11:53:20.637283,5,1,0,390,151,1034,713
2025-10-29T11:53:20.780494,6,1,0,383,151,1029,713
2025-10-29T11:53:20.914764,7,1,0,386,156,1010,714
2025-10-29T11:53:21.054845,8,1,0,383,163,1018,714
2025-10-29T11:53:21.205086,9,1,0,390,174,990,715
2025-10-29T11:53:21.337422,10,1,0,389,186,977,715
2025-10-29T11:53:21.496338,11,1,0,387,198,975,716
2025-10-29T11:53:21.659265,12,1,0,349,209,968,716
2025-10-29T11:53:21.783016,13,1,0,355,216,965,716
2025-10-29T11:53:21.921573,14,1,0,368,221,964,716
2025-10-29T11:53:22.070753,15,1,0,388,225,962,715
2025-10-29T11:53:22.190636,16,1,0,360,218,956,715
2025-10-29T11:53:22.332319,17,1,0,321,210,973,716
2025-10-29T11:53:22.473000,18,1,0,349,208,970,715
2025-10-29T11:53:22.605979,19,1,0,349,193,973,716
2025-10-29T11:53:22.771344,20,1,0,341,174,982,717
2025-10-29T11:53:22.929235,21,1,0,375,152,1021,715
2025-10-29T11:53:23.071376,22,1,0,379,137,1030,715
2025-10-29T11:53:23.249517,23,1,0,373,123,1037,715
2025-10-29T11:53:23.416763,24,1,0,366,116,1044,716
2025-10-29T11:53:23.566888,25,1,0,375,122,1037,716
2025-10-29T11:53:23.715184,26,1,0,375,129,1037,715
2025-10-29T11:53:23.840841,27,1,0,376,131,1038,716
2025-10-29T11:53:24.001174,28,1,0,375,132,1037,716
2025-10-29T11:53:24.149684,29,1,0,372,133,1034,714
2025-10-29T11:53:24.324693,30,1,0,368,135,1032,715
2025-10-29T11:53:24.513941,31,1,0,371,136,1035,715
2025-10-29T11:53:24.633762,32,1,0,382,146,1034,714
2025-10-29T11:53:24.772931,33,1,0,384,156,1039,712
2025-10-29T11:53:24.919702,34,1,0,381,157,1039,712
2025-10-29T11:53:25.047022,35,1,0,379,160,1036,712
2025-10-29T11:53:25.184985,36,1,0,380,164,1033,712
2025-10-29T11:53:25.332457,37,1,0,381,166,1032,712
2025-10-29T11:53:25.463765,38,1,0,378,166,1031,712
2025-10-29T11:53:25.596521,39,1,0,379,168,1028,713
2025-10-29T11:53:25.743298,40,1,0,385,171,1027,712
2025-10-29T11:53:25.876685,41,1,0,386,171,1043,711
2025-10-29T11:53:26.012544,42,1,0,405,177,1052,714
2025-10-29T11:53:26.146366,43,1,0,414,176,1061,714
2025-10-29T11:53:26.281176,44,1,0,414,173,1059,714
2025-10-29T11:53:26.427980,45,1,0,409,175,1059,715
2025-10-29T11:53:26.557602,46,1,0,420,174,1058,715
2025-10-29T11:53:26.715560,47,1,0,411,178,1061,714
2025-10-29T11:53:26.859199,48,1,0,411,180,1062,714
2025-10-29T11:53:27.002046,49,1,0,405,180,1063,713
2025-10-29T11:53:27.184181,50,1,0,411,183,1062,712
2025-10-29T11:53:27.324799,51,1,0,414,182,1065,711
2025-10-29T11:53:27.472714,52,1,0,401,181,1064,713
2025-10-29T11:53:27.600657,53,1,0,396,174,1065,716
2025-10-29T11:53:27.735870,54,1,0,393,169,1061,715
2025-10-29T11:53:27.907412,55,1,0,392,174,1055,716
2025-10-29T11:53:28.042351,56,1,0,397,178,1050,715
2025-10-29T11:53:28.196677,57,1,0,396,180,1052,715
2025-10-29T11:53:28.325352,58,1,0,391,182,1057,716
2025-10-29T11:53:28.462631,59,1,0,394,187,1026,713
2025-10-29T11:53:28.616284,60,1,0,404,186,1074,718
2025-10-29T11:53:28.779167,61,1,0,403,190,1169,715
2025-10-29T11:53:28.909409,62,1,0,392,193,1083,712
2025-10-29T11:53:29.051242,63,1,0,392,193,1083,712
2025-10-29T11:53:29.207079,64,1,0,381,200,1087,713
2025-10-29T11:53:29.407185,65,1,0,381,203,1089,713
2025-10-29T11:53:29.589738,66,1,0,380,204,1091,714
2025-10-29T11:53:29.589738,66,2,0,950,268,1278,708
2025-10-29T11:53:29.772979,67,1,0,380,204,1091,714
2025-10-29T11:53:29.772979,67,2,0,950,268,1278,708
2025-10-29T11:53:29.988328,68,1,0,335,214,1277,710
2025-10-29T11:53:29.988328,68,2,0,950,268,1278,708
2025-10-29T11:53:30.145794,69,1,0,357,216,1278,710
2025-10-29T11:53:30.145794,69,2,0,950,268,1278,708
2025-10-29T11:53:30.293182,70,1,0,368,210,1275,714
2025-10-29T11:53:30.293182,70,2,0,950,268,1278,708
2025-10-29T11:53:30.436658,71,1,0,373,197,1215,711
2025-10-29T11:53:30.436658,71,2,0,950,268,1278,708
2025-10-29T11:53:30.636985,72,1,0,384,205,1277,713
2025-10-29T11:53:30.636985,72,2,0,950,268,1278,708
2025-10-29T11:53:30.770045,73,1,0,360,195,1272,715
2025-10-29T11:53:30.770045,73,2,0,950,268,1278,708
2025-10-29T11:53:31.026444,74,1,0,387,190,1089,715
2025-10-29T11:53:31.026444,74,2,0,950,268,1278,708
2025-10-29T11:53:31.188317,75,1,0,383,174,1048,713
2025-10-29T11:53:31.188317,75,2,0,950,268,1278,708
2025-10-29T11:53:31.329402,76,1,0,384,162,1065,715
2025-10-29T11:53:31.329402,76,2,0,950,268,1278,708
2025-10-29T11:53:31.489408,77,1,0,376,152,1053,714
2025-10-29T11:53:31.489408,77,2,0,950,268,1278,708
2025-10-29T11:53:31.637398,78,1,0,382,156,1028,715
2025-10-29T11:53:31.637398,78,2,0,950,268,1278,708
2025-10-29T11:53:31.768842,79,1,0,386,163,1014,717
2025-10-29T11:53:31.768842,79,2,0,950,268,1278,708
2025-10-29T11:53:31.920286,80,1,0,383,177,996,715
2025-10-29T11:53:31.920286,80,2,0,950,268,1278,708
2025-10-29T11:53:32.069360,81,1,0,347,184,1014,715
2025-10-29T11:53:32.069360,81,2,0,950,268,1278,708
2025-10-29T11:53:32.242512,82,1,0,331,193,982,715
2025-10-29T11:53:32.242512,82,2,0,950,268,1278,708
2025-10-29T11:53:32.414350,83,1,0,314,217,965,714
2025-10-29T11:53:32.414350,83,2,0,950,268,1278,708
2025-10-29T11:53:32.585093,84,1,0,333,226,955,714
2025-10-29T11:53:32.585093,84,2,0,950,268,1278,708
2025-10-29T11:53:32.782947,85,1,0,361,231,956,714
2025-10-29T11:53:32.782947,85,2,0,950,268,1278,708
2025-10-29T11:53:32.936457,86,1,0,378,230,959,715
2025-10-29T11:53:32.936457,86,2,0,950,268,1278,708
2025-10-29T11:53:33.069073,87,1,0,355,227,959,714
2025-10-29T11:53:33.069073,87,2,0,950,268,1278,708
2025-10-29T11:53:33.229472,88,1,0,353,218,961,715
2025-10-29T11:53:33.229472,88,2,0,950,268,1278,708
2025-10-29T11:53:33.359839,89,1,0,341,211,966,715
2025-10-29T11:53:33.359839,89,2,0,950,268,1278,708
2025-10-29T11:53:33.495754,90,1,0,333,193,974,714
2025-10-29T11:53:33.495754,90,2,0,950,268,1278,708
2025-10-29T11:53:33.623534,91,1,0,327,167,1010,714
2025-10-29T11:53:33.623534,91,2,0,950,268,1278,708
2025-10-29T11:53:33.756622,92,1,0,316,144,1028,714
2025-10-29T11:53:33.756622,92,2,0,950,268,1278,708
2025-10-29T11:53:33.905634,93,1,0,311,113,1054,715
2025-10-29T11:53:33.905634,93,2,0,950,268,1278,708
2025-10-29T11:53:34.037070,94,1,0,312,100,1065,715
2025-10-29T11:53:34.037070,94,2,0,950,268,1278,708
2025-10-29T11:53:34.171104,95,1,0,304,91,1065,716
2025-10-29T11:53:34.171104,95,2,0,950,268,1278,708
2025-10-29T11:53:34.307982,96,1,0,349,102,1055,715
2025-10-29T11:53:34.307982,96,2,0,950,268,1278,708
2025-10-29T11:53:34.456536,97,1,0,369,119,1059,716
2025-10-29T11:53:34.596973,98,1,0,347,125,1047,716
2025-10-29T11:53:34.723076,99,1,0,331,133,1040,717
2025-10-29T11:53:34.886101,100,1,0,349,139,1038,716
2025-10-29T11:53:35.053170,101,1,0,364,149,1034,715
2025-10-29T11:53:35.211669,102,1,0,359,152,1033,715
2025-10-29T11:53:35.375143,103,1,0,378,154,1032,716
2025-10-29T11:53:35.549297,104,1,0,389,154,1031,715
2025-10-29T11:53:35.711963,105,1,0,396,152,1026,715
2025-10-29T11:53:35.863298,106,1,0,390,152,1022,715
2025-10-29T11:53:36.028843,107,1,0,384,152,1009,715
2025-10-29T11:53:36.307220,108,1,0,382,146,989,715
2025-10-29T11:53:36.459992,109,1,0,368,157,1266,714
2025-10-29T11:53:36.604667,110,1,0,380,161,1268,716
2025-10-29T11:53:36.760825,111,1,0,356,157,1269,715
2025-10-29T11:53:36.903025,112,1,0,355,162,1274,716
2025-10-29T11:53:37.035727,113,1,0,357,165,1273,716
2025-10-29T11:53:37.171516,114,1,0,363,167,1273,716
2025-10-29T11:53:37.303621,115,1,0,372,172,1277,716
2025-10-29T11:53:37.442456,116,1,0,374,171,1270,716
2025-10-29T11:53:37.581011,117,1,0,377,174,1275,716
2025-10-29T11:53:37.715484,118,1,0,372,172,1076,713
2025-10-29T11:53:37.853748,119,1,0,366,167,1019,715
2025-10-29T11:53:37.991586,120,1,0,411,177,990,713
2025-10-29T11:53:38.129971,121,1,0,474,222,933,712
2025-10-29T11:53:38.264119,122,1,0,323,200,968,713
2025-10-29T11:53:38.403682,123,1,0,323,200,968,713
2025-10-29T11:53:38.541619,124,1,0,4,220,922,716
2025-10-29T11:53:38.683359,125,1,0,2,0,949,713
2025-10-29T11:53:38.820249,126,1,0,0,209,930,715
2025-10-29T11:53:38.956714,127,1,0,9,225,930,716
2025-10-29T11:53:39.092163,128,1,0,5,223,935,715
2025-10-29T11:53:39.228873,129,1,0,23,226,932,716
2025-10-29T11:53:39.228873,129,3,15,0,17,331,609
2025-10-29T11:53:39.367897,130,1,0,7,225,925,717
2025-10-29T11:53:39.367897,130,3,15,0,17,331,609
2025-10-29T11:53:39.537690,131,1,0,21,226,929,717
2025-10-29T11:53:39.537690,131,3,15,0,17,331,609
2025-10-29T11:53:39.678838,132,1,0,31,224,936,717
2025-10-29T11:53:39.678838,132,3,15,0,17,331,609
2025-10-29T11:53:39.816644,133,1,0,28,222,939,717
2025-10-29T11:53:39.816644,133,3,15,0,17,331,609
2025-10-29T11:53:39.953510,134,1,0,6,218,935,720
2025-10-29T11:53:39.953510,134,3,15,0,17,331,609
2025-10-29T11:53:40.101192,135,1,0,82,215,935,715
2025-10-29T11:53:40.101192,135,3,15,0,17,331,609
2025-10-29T11:53:40.228472,136,1,0,300,213,937,713
2025-10-29T11:53:40.228472,136,3,15,0,17,331,609
2025-10-29T11:53:40.372754,137,1,0,413,203,959,713
2025-10-29T11:53:40.372754,137,3,15,0,17,331,609
2025-10-29T11:53:40.504819,138,1,0,441,200,962,712
2025-10-29T11:53:40.504819,138,3,15,0,17,331,609
2025-10-29T11:53:40.645212,139,1,0,431,194,973,712
2025-10-29T11:53:40.645212,139,3,15,0,17,331,609
2025-10-29T11:53:40.784395,140,1,0,421,184,968,712
2025-10-29T11:53:40.784395,140,3,15,0,17,331,609
2025-10-29T11:53:40.923430,141,1,0,379,154,1000,714
2025-10-29T11:53:40.923430,141,3,15,0,17,331,609
2025-10-29T11:53:41.056704,142,1,0,376,144,1002,715
2025-10-29T11:53:41.056704,142,3,15,0,17,331,609
2025-10-29T11:53:41.198499,143,1,0,370,138,1013,715
2025-10-29T11:53:41.198499,143,3,15,0,17,331,609
2025-10-29T11:53:41.333918,144,1,0,366,131,1032,714
2025-10-29T11:53:41.333918,144,3,15,0,17,331,609
2025-10-29T11:53:41.473961,145,1,0,336,107,1048,715
2025-10-29T11:53:41.473961,145,3,15,0,17,331,609
2025-10-29T11:53:41.613204,146,1,0,314,79,1068,717
2025-10-29T11:53:41.613204,146,3,15,0,17,331,609
2025-10-29T11:53:41.752279,147,1,0,306,82,1065,718
2025-10-29T11:53:41.752279,147,3,15,0,17,331,609
2025-10-29T11:53:41.884624,148,1,0,308,89,1057,717
2025-10-29T11:53:41.884624,148,3,15,0,17,331,609
2025-10-29T11:53:42.022151,149,1,0,312,105,1052,717
2025-10-29T11:53:42.022151,149,3,15,0,17,331,609
2025-10-29T11:53:42.170230,150,1,0,322,128,1034,715
2025-10-29T11:53:42.170230,150,3,15,0,17,331,609
2025-10-29T11:53:42.300560,151,1,0,367,156,1013,717
2025-10-29T11:53:42.300560,151,3,15,0,17,331,609
2025-10-29T11:53:42.450583,152,1,0,351,176,995,715
2025-10-29T11:53:42.450583,152,3,15,0,17,331,609
2025-10-29T11:53:42.585680,153,1,0,325,198,976,714
2025-10-29T11:53:42.585680,153,3,15,0,17,331,609
2025-10-29T11:53:42.725468,154,1,0,315,212,968,715
2025-10-29T11:53:42.725468,154,3,15,0,17,331,609
2025-10-29T11:53:42.866252,155,1,0,321,215,968,715
2025-10-29T11:53:42.866252,155,3,15,0,17,331,609
2025-10-29T11:53:42.997703,156,1,0,322,214,969,715
2025-10-29T11:53:42.997703,156,3,15,0,17,331,609
2025-10-29T11:53:43.132995,157,1,0,332,206,977,714
2025-10-29T11:53:43.132995,157,3,15,0,17,331,609
2025-10-29T11:53:43.272346,158,1,0,320,196,973,715
2025-10-29T11:53:43.272346,158,3,15,0,17,331,609
2025-10-29T11:53:43.409016,159,1,0,359,186,985,715
2025-10-29T11:53:43.409016,159,3,15,0,17,331,609
2025-10-29T11:53:43.548205,160,1,0,334,179,997,715
2025-10-29T11:53:43.729319,161,1,0,328,166,1010,716
2025-10-29T11:53:43.890041,162,1,0,318,156,1014,716
2025-10-29T11:53:44.041924,163,1,0,320,150,1018,717
2025-10-29T11:53:44.210295,164,1,0,316,144,1020,716
2025-10-29T11:53:44.342431,165,1,0,323,144,1023,717
2025-10-29T11:53:44.848873,0,1,0,323,142,1024,717
2025-10-29T11:53:44.999863,1,1,0,337,139,1021,716
2025-10-29T11:53:45.127436,2,1,0,311,135,1034,716
2025-10-29T11:53:45.259943,3,1,0,332,135,1024,714
2025-10-29T11:53:45.423766,4,1,0,322,136,1027,715
2025-10-29T11:53:45.580322,5,1,0,329,138,1028,715
2025-10-29T11:53:45.742680,6,1,0,347,138,1023,715
2025-10-29T11:53:45.947201,7,1,0,318,135,1033,715
2025-10-29T11:53:46.097381,8,1,0,352,128,1022,716
2025-10-29T11:53:46.232022,9,1,0,337,124,1028,716
2025-10-29T11:53:46.363453,10,1,0,333,121,1025,715
2025-10-29T11:53:46.504781,11,1,0,329,120,1027,715
2025-10-29T11:53:46.636305,12,1,0,330,122,1028,715
2025-10-29T11:53:46.774303,13,1,0,348,124,1023,715
2025-10-29T11:53:46.912480,14,1,0,344,128,1021,716
2025-10-29T11:53:47.046812,15,1,0,360,135,1025,715
2025-10-29T11:53:47.188111,16,1,0,361,140,1019,715
2025-10-29T11:53:47.323109,17,1,0,357,147,1019,716
2025-10-29T11:53:47.462472,18,1,0,355,148,1017,716
2025-10-29T11:53:47.600292,19,1,0,367,150,1016,717
2025-10-29T11:53:47.719664,20,1,0,361,149,1017,716
2025-10-29T11:53:47.866285,21,1,0,381,145,1014,714
2025-10-29T11:53:47.988166,22,1,0,366,153,1004,715
2025-10-29T11:53:48.122909,23,1,0,386,169,979,713
2025-10-29T11:53:48.122909,23,2,0,383,164,1265,713
2025-10-29T11:53:48.252803,24,1,0,381,174,1087,712
2025-10-29T11:53:48.252803,24,2,0,383,164,1265,713
2025-10-29T11:53:48.399664,25,1,0,389,180,1131,713
2025-10-29T11:53:48.399664,25,2,0,383,164,1265,713
2025-10-29T11:53:48.534358,26,1,0,389,180,1131,713
2025-10-29T11:53:48.534358,26,2,0,390,176,1249,713
2025-10-29T11:53:48.666064,27,1,0,389,176,1182,712
2025-10-29T11:53:48.666064,27,2,0,390,176,1249,713
2025-10-29T11:53:48.804279,28,1,0,392,176,1205,713
2025-10-29T11:53:48.804279,28,2,0,390,176,1249,713
2025-10-29T11:53:48.940912,29,1,0,392,176,1205,713
2025-10-29T11:53:48.940912,29,2,0,394,174,1265,714
2025-10-29T11:53:49.113178,30,1,0,385,178,1218,712
2025-10-29T11:53:49.113178,30,2,0,394,174,1265,714
2025-10-29T11:53:49.250872,31,1,0,387,176,1090,713
2025-10-29T11:53:49.250872,31,2,0,394,174,1265,714
2025-10-29T11:53:49.389177,32,1,0,387,176,1090,713
2025-10-29T11:53:49.389177,32,2,0,388,174,1200,713
2025-10-29T11:53:49.526715,33,1,0,395,177,1039,714
2025-10-29T11:53:49.526715,33,2,0,388,174,1200,713
2025-10-29T11:53:49.677965,34,1,0,383,166,979,713
2025-10-29T11:53:49.677965,34,2,0,388,174,1200,713
2025-10-29T11:53:49.805273,35,1,0,386,168,976,713
2025-10-29T11:53:49.805273,35,2,0,388,174,1200,713
2025-10-29T11:53:49.944276,36,1,0,415,179,957,712
2025-10-29T11:53:49.944276,36,2,0,388,174,1200,713
2025-10-29T11:53:50.085442,37,1,0,364,161,1022,716
2025-10-29T11:53:50.085442,37,2,0,388,174,1200,713
2025-10-29T11:53:50.218479,38,1,0,390,178,976,713
2025-10-29T11:53:50.218479,38,2,0,388,174,1200,713
2025-10-29T11:53:50.357173,39,1,0,16,179,959,715
2025-10-29T11:53:50.357173,39,2,0,388,174,1200,713
2025-10-29T11:53:50.497582,40,1,0,8,178,957,716
2025-10-29T11:53:50.497582,40,2,0,388,174,1200,713
2025-10-29T11:53:50.630694,41,1,0,11,176,959,716
2025-10-29T11:53:50.630694,41,2,0,388,174,1200,713
2025-10-29T11:53:50.769660,42,1,0,30,185,957,716
2025-10-29T11:53:50.769660,42,2,0,388,174,1200,713
2025-10-29T11:53:50.907853,43,1,0,66,183,959,715
2025-10-29T11:53:50.907853,43,2,0,388,174,1200,713
2025-10-29T11:53:51.048332,44,1,0,30,181,964,716
2025-10-29T11:53:51.048332,44,2,0,388,174,1200,713
2025-10-29T11:53:51.190207,45,1,0,59,188,960,715
2025-10-29T11:53:51.190207,45,2,0,388,174,1200,713
2025-10-29T11:53:51.327503,46,1,0,134,187,963,714
2025-10-29T11:53:51.327503,46,2,0,388,174,1200,713
2025-10-29T11:53:51.455647,47,1,0,262,184,962,714
2025-10-29T11:53:51.455647,47,2,0,388,174,1200,713
2025-10-29T11:53:51.605918,48,1,0,239,184,961,714
2025-10-29T11:53:51.605918,48,2,0,388,174,1200,713
2025-10-29T11:53:51.733876,49,1,0,49,186,960,715
2025-10-29T11:53:51.733876,49,2,0,388,174,1200,713
2025-10-29T11:53:51.869053,50,1,0,38,184,962,714
2025-10-29T11:53:51.869053,50,2,0,388,174,1200,713
2025-10-29T11:53:52.006388,51,1,0,41,182,964,715
2025-10-29T11:53:52.006388,51,2,0,388,174,1200,713
2025-10-29T11:53:52.145314,52,1,0,211,178,966,714
2025-10-29T11:53:52.145314,52,2,0,388,174,1200,713
2025-10-29T11:53:52.282644,53,1,0,228,173,975,713
2025-10-29T11:53:52.282644,53,2,0,388,174,1200,713
2025-10-29T11:53:52.419781,54,1,0,379,166,988,713
2025-10-29T11:53:52.419781,54,2,0,388,174,1200,713
2025-10-29T11:53:52.554523,55,1,0,394,161,1011,713
2025-10-29T11:53:52.554523,55,2,0,388,174,1200,713
2025-10-29T11:53:52.668912,56,1,0,396,159,1019,714
2025-10-29T11:53:52.668912,56,2,0,388,174,1200,713
2025-10-29T11:53:52.802314,57,1,0,392,146,1025,713
2025-10-29T11:53:52.802314,57,2,0,388,174,1200,713
2025-10-29T11:53:52.940246,58,1,0,374,146,1031,715
2025-10-29T11:53:52.940246,58,2,0,388,174,1200,713
2025-10-29T11:53:53.075177,59,1,0,401,171,985,714
2025-10-29T11:53:53.075177,59,2,0,388,174,1200,713
2025-10-29T11:53:53.214609,60,1,0,393,174,986,714
2025-10-29T11:53:53.214609,60,2,0,388,174,1200,713
2025-10-29T11:53:53.357928,61,1,0,393,174,986,714
2025-10-29T11:53:53.357928,61,2,0,393,187,1158,715
2025-10-29T11:53:53.493907,62,1,0,393,174,986,714
2025-10-29T11:53:53.493907,62,2,0,387,192,1243,715
2025-10-29T11:53:53.625688,63,1,0,393,174,986,714
2025-10-29T11:53:53.625688,63,2,0,389,198,1258,713
2025-10-29T11:53:53.763040,64,1,0,393,174,986,714
2025-10-29T11:53:53.763040,64,2,0,392,175,1276,713
2025-10-29T11:53:53.899690,65,1,0,393,174,986,714
2025-10-29T11:53:53.899690,65,2,0,382,184,1273,713
2025-10-29T11:53:54.048383,66,1,0,393,174,986,714
2025-10-29T11:53:54.048383,66,2,0,382,189,1270,714
2025-10-29T11:53:54.180483,67,1,0,393,174,986,714
2025-10-29T11:53:54.180483,67,2,0,381,179,1272,713
2025-10-29T11:53:54.312507,68,1,0,393,174,986,714
2025-10-29T11:53:54.312507,68,2,0,371,191,1272,713
2025-10-29T11:53:54.450347,69,1,0,393,174,986,714
2025-10-29T11:53:54.450347,69,2,0,373,183,1265,713
2025-10-29T11:53:54.589894,70,1,0,393,174,986,714
2025-10-29T11:53:54.589894,70,2,0,374,187,1272,713
2025-10-29T11:53:54.726382,71,1,0,393,174,986,714
2025-10-29T11:53:54.726382,71,2,0,368,173,1274,713
2025-10-29T11:53:54.931293,72,1,0,393,174,986,714
2025-10-29T11:53:54.931293,72,2,0,364,182,1271,713
2025-10-29T11:53:55.087375,73,1,0,393,174,986,714
2025-10-29T11:53:55.087375,73,2,0,369,182,1130,712
2025-10-29T11:53:55.212732,74,1,0,393,174,986,714
2025-10-29T11:53:55.212732,74,2,0,372,179,1271,713
2025-10-29T11:53:55.348458,75,1,0,393,174,986,714
2025-10-29T11:53:55.348458,75,2,0,374,184,1271,713
2025-10-29T11:53:55.485797,76,1,0,372,183,1076,712
2025-10-29T11:53:55.485797,76,2,0,374,184,1271,713
2025-10-29T11:53:55.619817,77,1,0,377,184,1082,712
2025-10-29T11:53:55.619817,77,2,0,374,184,1271,713
2025-10-29T11:53:55.734266,78,1,0,377,185,1130,712
2025-10-29T11:53:55.734266,78,2,0,374,184,1271,713
2025-10-29T11:53:55.865041,79,1,0,377,185,1130,712
2025-10-29T11:53:55.865041,79,2,0,377,187,1273,714
2025-10-29T11:53:56.000975,80,1,0,377,185,1130,712
2025-10-29T11:53:56.000975,80,2,0,378,186,1237,712
2025-10-29T11:53:56.138620,81,1,0,377,185,1130,712
2025-10-29T11:53:56.138620,81,2,0,375,187,1271,714
2025-10-29T11:53:56.279940,82,1,0,377,185,1130,712
2025-10-29T11:53:56.279940,82,2,0,379,189,1245,712
2025-10-29T11:53:56.414239,83,1,0,377,185,1130,712
2025-10-29T11:53:56.414239,83,2,0,376,190,1244,713
2025-10-29T11:53:56.556888,84,1,0,377,185,1130,712
2025-10-29T11:53:56.556888,84,2,0,379,188,1273,714
2025-10-29T11:53:56.692809,85,1,0,377,185,1130,712
2025-10-29T11:53:56.692809,85,2,0,389,190,1278,712
2025-10-29T11:53:56.830253,86,1,0,377,185,1130,712
2025-10-29T11:53:56.830253,86,2,0,389,190,1278,713
2025-10-29T11:53:56.963788,87,1,0,377,185,1130,712
2025-10-29T11:53:56.963788,87,2,0,372,182,1259,713
2025-10-29T11:53:57.103716,88,1,0,378,164,972,714
2025-10-29T11:53:57.103716,88,2,0,372,182,1259,713
2025-10-29T11:53:57.239016,89,1,0,365,141,965,714
2025-10-29T11:53:57.239016,89,2,0,372,182,1259,713
2025-10-29T11:53:57.355775,90,1,0,360,135,966,713
2025-10-29T11:53:57.355775,90,2,0,372,182,1259,713
2025-10-29T11:53:57.480583,91,1,0,369,140,967,713
2025-10-29T11:53:57.480583,91,2,0,372,182,1259,713
2025-10-29T11:53:57.623285,92,1,0,364,132,976,714
2025-10-29T11:53:57.623285,92,2,0,372,182,1259,713
2025-10-29T11:53:57.764412,93,1,0,359,117,1005,715
2025-10-29T11:53:57.764412,93,2,0,372,182,1259,713
2025-10-29T11:53:57.899909,94,1,0,323,106,1029,715
2025-10-29T11:53:57.899909,94,2,0,372,182,1259,713
2025-10-29T11:53:58.033699,95,1,0,311,99,1025,714
2025-10-29T11:53:58.033699,95,2,0,372,182,1259,713
2025-10-29T11:53:58.173980,96,1,0,333,105,1027,714
2025-10-29T11:53:58.173980,96,2,0,372,182,1259,713
2025-10-29T11:53:58.312554,97,1,0,368,117,1025,714
2025-10-29T11:53:58.312554,97,2,0,372,182,1259,713
2025-10-29T11:53:58.455991,98,1,0,389,128,1024,714
2025-10-29T11:53:58.455991,98,2,0,372,182,1259,713
2025-10-29T11:53:58.614317,99,1,0,390,135,1017,713
2025-10-29T11:53:58.614317,99,2,0,372,182,1259,713
2025-10-29T11:53:58.760077,100,1,0,408,158,973,714
2025-10-29T11:53:58.760077,100,2,0,372,182,1259,713
2025-10-29T11:53:58.903534,101,1,0,416,164,972,713
2025-10-29T11:53:58.903534,101,2,0,372,182,1259,713
2025-10-29T11:53:59.035893,102,1,0,414,163,973,713
2025-10-29T11:53:59.035893,102,2,0,372,182,1259,713
2025-10-29T11:53:59.176932,103,1,0,400,150,993,712
2025-10-29T11:53:59.176932,103,2,0,372,182,1259,713
2025-10-29T11:53:59.321154,104,1,0,388,136,1021,713
2025-10-29T11:53:59.321154,104,2,0,372,182,1259,713
2025-10-29T11:53:59.467838,105,1,0,385,133,1032,713
2025-10-29T11:53:59.467838,105,2,0,372,182,1259,713
2025-10-29T11:53:59.594841,106,1,0,388,139,1035,713
2025-10-29T11:53:59.594841,106,2,0,372,182,1259,713
2025-10-29T11:53:59.754074,107,1,0,391,140,1029,713
2025-10-29T11:53:59.754074,107,2,0,372,182,1259,713
2025-10-29T11:53:59.922442,108,1,0,393,145,1027,714
2025-10-29T11:53:59.922442,108,2,0,372,182,1259,713
2025-10-29T11:54:00.050572,109,1,0,391,145,1036,713
2025-10-29T11:54:00.050572,109,2,0,372,182,1259,713
2025-10-29T11:54:00.175859,110,1,0,391,146,1024,713
2025-10-29T11:54:00.175859,110,2,0,372,182,1259,713
2025-10-29T11:54:00.308073,111,1,0,381,146,1027,714
2025-10-29T11:54:00.308073,111,2,0,372,182,1259,713
2025-10-29T11:54:00.462130,112,1,0,391,150,1025,713
2025-10-29T11:54:00.462130,112,2,0,372,182,1259,713
2025-10-29T11:54:00.599553,113,1,0,390,147,1024,713
2025-10-29T11:54:00.599553,113,2,0,372,182,1259,713
2025-10-29T11:54:00.725550,114,1,0,389,148,1022,713
2025-10-29T11:54:00.725550,114,2,0,372,182,1259,713
2025-10-29T11:54:00.877707,115,1,0,384,149,1018,713
2025-10-29T11:54:00.877707,115,2,0,372,182,1259,713
2025-10-29T11:54:01.012432,116,1,0,388,149,1023,713
2025-10-29T11:54:01.012432,116,2,0,372,182,1259,713
2025-10-29T11:54:01.153199,117,1,0,391,151,1020,713
2025-10-29T11:54:01.153199,117,2,0,372,182,1259,713
2025-10-29T11:54:01.282893,118,1,0,387,151,1020,713
2025-10-29T11:54:01.433848,119,1,0,383,146,1022,714
2025-10-29T11:54:01.568503,120,1,0,390,150,1017,714
2025-10-29T11:54:01.716227,121,1,0,389,148,1019,713
2025-10-29T11:54:01.860760,122,1,0,391,147,1019,713
2025-10-29T11:54:02.022804,123,1,0,393,150,1017,713
2025-10-29T11:54:02.148454,124,1,0,392,147,1014,713
2025-10-29T11:54:02.287670,125,1,0,390,146,1017,713
2025-10-29T11:54:02.423823,126,1,0,395,150,1011,713
2025-10-29T11:54:02.558397,127,1,0,396,149,1011,713
2025-10-29T11:54:02.692103,128,1,0,396,152,1011,713
2025-10-29T11:54:02.830796,129,1,0,396,150,1008,713
2025-10-29T11:54:02.974218,130,1,0,396,148,1006,713
2025-10-29T11:54:03.108389,131,1,0,398,150,1005,713
2025-10-29T11:54:03.244228,132,1,0,399,151,997,712
2025-10-29T11:57:53.464568,0,1,0,422,183,979,713
2025-10-29T11:57:53.730937,1,1,0,421,175,998,711
2025-10-29T11:57:53.890333,2,1,0,422,178,1003,713
2025-10-29T11:57:54.037544,3,1,0,421,174,1002,712
2025-10-29T11:57:54.180627,4,1,0,425,168,999,711
2025-10-29T11:57:54.348551,5,1,0,399,154,1020,711
2025-10-29T11:57:54.513038,6,1,0,412,153,1018,711
2025-10-29T11:57:54.674371,7,1,0,421,159,1028,712
2025-10-29T11:57:54.832630,8,1,0,439,176,1004,713
2025-10-29T11:57:54.997072,9,1,0,436,187,995,715
2025-10-29T11:57:55.177432,10,1,0,348,197,1001,714
2025-10-29T11:57:55.343977,11,1,0,368,198,989,718
2025-10-29T11:57:55.507578,12,1,0,365,199,992,716
2025-10-29T11:57:55.678464,13,1,0,359,198,990,714
2025-10-29T11:57:55.848784,14,1,0,352,195,994,718
2025-10-29T11:57:56.025119,15,1,0,350,197,998,716
2025-10-29T11:57:56.202579,16,1,0,344,195,993,716
2025-10-29T11:57:56.371473,17,1,0,337,194,998,715
2025-10-29T11:57:56.537508,18,1,0,340,195,993,715
2025-10-29T11:57:56.706926,19,1,0,335,193,985,715
2025-10-29T11:57:56.878616,20,1,0,332,193,999,715
2025-10-29T11:57:56.878616,20,2,0,40,189,988,717
2025-10-29T11:57:57.027208,21,1,0,328,192,991,715
2025-10-29T11:57:57.027208,21,2,0,30,188,981,716
2025-10-29T11:57:57.192640,22,1,0,334,193,992,716
2025-10-29T11:57:57.192640,22,2,0,30,188,981,716
2025-10-29T11:57:57.362697,23,1,0,331,193,988,715
2025-10-29T11:57:57.362697,23,2,0,30,188,981,716
2025-10-29T11:57:57.534774,24,1,0,330,192,994,715
2025-10-29T11:57:57.534774,24,2,0,30,188,981,716
2025-10-29T11:57:57.704860,25,1,0,322,191,997,715
2025-10-29T11:57:57.704860,25,2,0,48,185,992,717
2025-10-29T11:57:57.852418,26,1,0,332,190,1007,716
2025-10-29T11:57:57.852418,26,2,0,48,185,992,717
2025-10-29T11:57:58.024104,27,1,0,329,188,997,716
2025-10-29T11:57:58.024104,27,2,0,48,185,992,717
2025-10-29T11:57:58.191506,28,1,0,324,185,999,716
2025-10-29T11:57:58.191506,28,2,0,48,185,992,717
2025-10-29T11:57:58.361904,29,1,0,350,177,1002,718
2025-10-29T11:57:58.361904,29,2,0,48,185,992,717
2025-10-29T11:57:58.531819,30,1,0,389,163,1014,716
2025-10-29T11:57:58.531819,30,2,0,48,185,992,717
2025-10-29T11:57:58.704305,31,1,0,379,142,1046,713
2025-10-29T11:57:58.704305,31,2,0,48,185,992,717
2025-10-29T11:57:58.846704,32,1,0,365,133,1026,714
2025-10-29T11:57:58.846704,32,2,0,48,185,992,717
2025-10-29T11:57:58.988982,33,1,0,373,133,1013,713
2025-10-29T11:57:58.988982,33,2,0,48,185,992,717
2025-10-29T11:57:59.126241,34,1,0,364,124,1019,715
2025-10-29T11:57:59.126241,34,2,0,48,185,992,717
2025-10-29T11:57:59.263434,35,1,0,351,123,1014,715
2025-10-29T11:57:59.263434,35,2,0,48,185,992,717
2025-10-29T11:57:59.395711,36,1,0,351,122,1013,715
2025-10-29T11:57:59.395711,36,2,0,48,185,992,717
2025-10-29T11:57:59.533853,37,1,0,343,118,1021,715
2025-10-29T11:57:59.533853,37,2,0,48,185,992,717
2025-10-29T11:57:59.672159,38,1,0,334,115,1024,713
2025-10-29T11:57:59.672159,38,2,0,48,185,992,717
2025-10-29T11:57:59.814291,39,1,0,341,114,1038,714
2025-10-29T11:57:59.814291,39,2,0,48,185,992,717
2025-10-29T11:57:59.951011,40,1,0,327,114,1044,716
2025-10-29T11:57:59.951011,40,2,0,48,185,992,717
2025-10-29T11:58:00.089068,41,1,0,338,116,1035,714
2025-10-29T11:58:00.089068,41,2,0,48,185,992,717
2025-10-29T11:58:00.226285,42,1,0,357,121,1023,714
2025-10-29T11:58:00.226285,42,2,0,48,185,992,717
2025-10-29T11:58:00.377255,43,1,0,360,137,995,714
2025-10-29T11:58:00.377255,43,2,0,48,185,992,717
2025-10-29T11:58:00.533443,44,1,0,344,168,961,714
2025-10-29T11:58:00.533443,44,2,0,48,185,992,717
2025-10-29T11:58:00.678542,45,1,0,313,191,942,713
2025-10-29T11:58:00.678542,45,2,0,48,185,992,717
2025-10-29T11:58:00.839497,46,1,0,310,202,939,712
2025-10-29T11:58:00.839497,46,2,0,48,185,992,717
2025-10-29T11:58:00.989046,47,1,0,319,206,943,712
2025-10-29T11:58:00.989046,47,2,0,48,185,992,717
2025-10-29T11:58:01.155794,48,1,0,346,198,963,714
2025-10-29T11:58:01.155794,48,2,0,48,185,992,717
2025-10-29T11:58:01.299851,49,1,0,391,188,969,713
2025-10-29T11:58:01.299851,49,2,0,48,185,992,717
2025-10-29T11:58:01.465911,50,1,0,410,163,1027,714
2025-10-29T11:58:01.465911,50,2,0,48,185,992,717
2025-10-29T11:58:01.633605,51,1,0,390,144,1076,717
2025-10-29T11:58:01.633605,51,2,0,48,185,992,717
2025-10-29T11:58:01.789375,52,1,0,364,129,1077,719
2025-10-29T11:58:01.789375,52,2,0,48,185,992,717
2025-10-29T11:58:01.948727,53,1,0,365,131,1061,717
2025-10-29T11:58:01.948727,53,2,0,48,185,992,717
2025-10-29T11:58:02.132166,54,1,0,366,143,1030,717
2025-10-29T11:58:02.132166,54,2,0,48,185,992,717
2025-10-29T11:58:02.296157,55,1,0,384,158,1009,715
2025-10-29T11:58:02.296157,55,2,0,48,185,992,717
2025-10-29T11:58:02.462155,56,1,0,414,179,969,713
2025-10-29T11:58:02.613619,57,1,0,410,193,961,712
2025-10-29T11:58:02.777593,58,1,0,401,194,959,712
2025-10-29T11:58:02.945377,59,1,0,407,185,974,714
2025-10-29T11:58:03.093245,60,1,0,414,177,979,714
2025-10-29T11:58:03.261865,61,1,0,419,173,984,714
2025-10-29T11:58:03.434656,62,1,0,425,175,982,714
2025-10-29T11:58:03.608918,63,1,0,443,178,985,713
2025-10-29T11:58:03.779026,64,1,0,430,173,987,713
2025-10-29T11:58:03.955861,65,1,0,409,158,1014,712
2025-10-29T11:58:04.125390,66,1,0,396,146,1038,713
2025-10-29T11:58:04.296747,67,1,0,384,138,1045,714
2025-10-29T11:58:04.476078,68,1,0,382,139,1044,714
2025-10-29T11:58:04.651558,69,1,0,382,140,1049,714
2025-10-29T11:58:04.812246,70,1,0,380,143,1053,714
2025-10-29T11:58:04.975871,71,1,0,380,146,1046,715
2025-10-29T11:58:05.124945,72,1,0,381,149,1046,715
2025-10-29T11:58:05.289712,73,1,0,381,152,1045,714
2025-10-29T11:58:05.431081,74,1,0,381,152,1048,714
2025-10-29T11:58:05.607615,75,1,0,379,151,1045,714
2025-10-29T11:58:05.771911,76,1,0,380,152,1050,714
2025-10-29T11:58:05.920033,77,1,0,377,149,1047,715
2025-10-29T11:58:06.089078,78,1,0,379,149,1048,715
2025-10-29T11:58:06.268488,79,1,0,378,147,1044,714
2025-10-29T11:58:06.427476,80,1,0,380,147,1046,714
2025-10-29T11:58:06.663019,81,1,0,383,151,1041,714
2025-10-29T12:16:01.033900,0,1,0,0,3,600,701
2025-10-29T12:16:01.260894,1,1,0,0,3,600,701
2025-10-29T12:16:01.403369,2,1,0,0,3,600,701
2025-10-29T12:16:01.546259,3,1,0,1,2,1060,713
2025-10-29T12:16:01.713693,4,1,0,4,0,1233,712
2025-10-29T12:16:01.882201,5,1,0,0,0,1094,710
2025-10-29T12:16:02.049720,6,1,0,0,0,1068,709
2025-10-29T12:16:02.226229,7,1,0,0,0,1143,708
2025-10-29T12:16:02.369113,8,1,0,3,0,1217,713
2025-10-29T12:16:02.542799,9,1,0,4,0,1154,711
2025-10-29T12:16:02.683908,10,1,0,4,0,1154,711
2025-10-29T12:16:02.841822,11,1,0,2,0,1119,710
2025-10-29T12:16:03.053388,12,1,0,0,0,1117,708
2025-10-29T12:16:03.196190,13,1,0,2,0,1067,710
2025-10-29T12:16:03.362791,14,1,16,1,1,1065,711
2025-10-29T12:16:03.500108,15,1,16,1,1,1065,711
2025-10-29T12:16:03.669512,16,1,0,3,0,1050,707
2025-10-29T12:16:03.839438,17,1,0,3,0,1054,706
2025-10-29T12:16:03.990792,18,1,0,3,1,1036,702
2025-10-29T12:16:04.151896,19,1,0,5,0,1033,699
2025-10-29T12:16:04.321346,20,1,0,3,0,1098,710
2025-10-29T12:16:04.462237,21,1,0,4,0,1138,712
2025-10-29T12:16:04.631661,22,1,0,3,0,1047,711
2025-10-29T12:16:04.775781,23,1,0,5,0,982,712
2025-10-29T12:16:04.910704,24,1,0,4,0,997,711
2025-10-29T12:16:05.047443,25,1,0,3,0,984,708
2025-10-29T12:16:05.216786,26,1,0,3,0,984,708
2025-10-29T12:16:05.364650,27,1,16,1,1,999,702
2025-10-29T12:16:05.496566,28,1,16,2,2,996,712
2025-10-29T12:16:05.664100,29,1,0,2,1,1139,710
2025-10-29T12:16:05.811445,30,1,0,1,0,975,704
2025-10-29T12:16:05.945176,31,1,0,2,1,945,708
2025-10-29T12:16:06.109828,32,1,0,2,1,945,708
2025-10-29T12:16:06.257236,33,1,0,1,1,842,701
2025-10-29T12:16:06.430231,34,1,0,1,1,850,706
2025-10-29T12:16:06.609960,35,1,0,2,0,1046,704
2025-10-29T12:16:06.741348,36,1,0,2,0,1046,704
2025-10-29T12:16:06.878665,37,1,0,2,0,1046,704
2025-10-29T12:16:06.878665,37,2,15,0,3,440,486
2025-10-29T12:16:07.011084,38,1,0,2,0,1046,704
2025-10-29T12:16:07.011084,38,2,15,0,3,440,486
2025-10-29T12:16:07.148179,39,1,0,2,0,1046,704
2025-10-29T12:16:07.148179,39,2,15,0,3,440,486
2025-10-29T12:16:07.289282,40,1,0,2,0,1046,704
2025-10-29T12:16:07.289282,40,2,15,0,3,440,486
2025-10-29T12:16:07.423745,41,1,0,2,0,1046,704
2025-10-29T12:16:07.423745,41,2,15,0,3,440,486
2025-10-29T12:16:07.562733,42,1,0,2,0,1046,704
2025-10-29T12:16:07.562733,42,2,15,0,3,440,486
2025-10-29T12:16:07.562733,42,3,0,1056,240,1279,713
2025-10-29T12:16:07.697242,43,1,0,2,0,1046,704
2025-10-29T12:16:07.697242,43,2,15,0,3,440,486
2025-10-29T12:16:07.697242,43,3,0,917,189,1279,711
2025-10-29T12:16:07.841667,44,1,0,2,0,1046,704
2025-10-29T12:16:07.841667,44,2,15,0,3,440,486
2025-10-29T12:16:07.841667,44,3,0,934,130,1279,713
2025-10-29T12:16:07.985900,45,1,0,2,0,1046,704
2025-10-29T12:16:07.985900,45,2,15,0,3,440,486
2025-10-29T12:16:07.985900,45,3,0,872,101,1280,710
2025-10-29T12:16:08.162031,46,1,0,2,0,1046,704
2025-10-29T12:16:08.162031,46,2,15,0,3,440,486
2025-10-29T12:16:08.162031,46,3,0,779,28,1280,715
2025-10-29T12:16:08.348538,47,1,0,2,0,1046,704
2025-10-29T12:16:08.348538,47,2,15,0,3,440,486
2025-10-29T12:16:08.348538,47,3,0,682,1,1280,713
2025-10-29T12:16:08.521482,48,1,0,2,0,1046,704
2025-10-29T12:16:08.521482,48,2,15,0,3,440,486
2025-10-29T12:16:08.521482,48,3,0,574,4,1239,712
2025-10-29T12:16:08.699494,49,1,0,2,0,1046,704
2025-10-29T12:16:08.699494,49,2,15,0,3,440,486
2025-10-29T12:16:08.699494,49,3,0,502,4,1203,713
2025-10-29T12:16:08.843659,50,1,0,2,0,1046,704
2025-10-29T12:16:08.843659,50,2,15,0,3,440,486
2025-10-29T12:16:08.843659,50,3,0,444,4,1124,712
2025-10-29T12:16:09.009476,51,1,0,2,0,1046,704
2025-10-29T12:16:09.009476,51,2,15,0,3,440,486
2025-10-29T12:16:09.009476,51,3,0,436,8,1041,711
2025-10-29T12:16:09.184763,52,1,0,2,0,1046,704
2025-10-29T12:16:09.184763,52,2,15,0,3,440,486
2025-10-29T12:16:09.184763,52,3,0,429,98,1020,711
2025-10-29T12:16:09.351951,53,1,0,2,0,1046,704
2025-10-29T12:16:09.351951,53,2,15,0,3,440,486
2025-10-29T12:16:09.351951,53,3,0,440,195,1002,713
2025-10-29T12:16:09.526428,54,1,0,2,0,1046,704
2025-10-29T12:16:09.526428,54,2,15,0,3,440,486
2025-10-29T12:16:09.526428,54,3,0,445,282,962,714
2025-10-29T12:16:09.675792,55,1,0,2,0,1046,704
2025-10-29T12:16:09.675792,55,2,15,0,3,440,486
2025-10-29T12:16:09.675792,55,3,0,434,298,932,713
2025-10-29T12:16:09.835971,56,1,0,2,0,1046,704
2025-10-29T12:16:09.835971,56,2,15,0,3,440,486
2025-10-29T12:16:09.835971,56,3,0,415,293,917,714
2025-10-29T12:16:09.982230,57,1,0,2,0,1046,704
2025-10-29T12:16:09.982230,57,2,15,0,3,440,486
2025-10-29T12:16:09.982230,57,3,0,420,298,929,713
2025-10-29T12:16:10.146673,58,1,0,2,0,1046,704
2025-10-29T12:16:10.146673,58,2,15,0,3,440,486
2025-10-29T12:16:10.146673,58,3,0,422,229,974,714
2025-10-29T12:16:10.400502,59,1,0,2,0,1046,704
2025-10-29T12:16:10.400502,59,2,15,0,3,440,486
2025-10-29T12:16:10.400502,59,3,0,364,154,1095,713
2025-10-29T12:16:10.400502,59,4,0,178,583,376,717
2025-10-29T12:16:10.607760,60,1,0,2,0,1046,704
2025-10-29T12:16:10.607760,60,2,15,0,3,440,486
2025-10-29T12:16:10.607760,60,3,0,337,105,1001,711
2025-10-29T12:16:10.607760,60,4,0,178,583,376,717
2025-10-29T12:16:10.777840,61,1,0,2,0,1046,704
2025-10-29T12:16:10.777840,61,2,15,0,3,440,486
2025-10-29T12:16:10.777840,61,3,0,311,59,992,713
2025-10-29T12:16:10.777840,61,4,0,178,583,376,717
2025-10-29T12:16:10.947168,62,1,0,2,0,1046,704
2025-10-29T12:16:10.947168,62,2,15,0,3,440,486
2025-10-29T12:16:10.947168,62,3,0,270,44,997,713
2025-10-29T12:16:10.947168,62,4,0,178,583,376,717
2025-10-29T12:16:11.144379,63,1,0,2,0,1046,704
2025-10-29T12:16:11.144379,63,2,15,0,3,440,486
2025-10-29T12:16:11.144379,63,3,0,265,51,1007,713
2025-10-29T12:16:11.144379,63,4,0,178,583,376,717
2025-10-29T12:16:11.322980,64,1,0,2,0,1046,704
2025-10-29T12:16:11.322980,64,2,15,0,3,440,486
2025-10-29T12:16:11.322980,64,3,0,262,49,1027,711
2025-10-29T12:16:11.322980,64,4,0,178,583,376,717
2025-10-29T12:16:11.505258,65,1,0,84,51,1081,711
2025-10-29T12:16:11.505258,65,2,15,0,3,440,486
2025-10-29T12:16:11.505258,65,3,0,262,49,1027,711
2025-10-29T12:16:11.505258,65,4,0,178,583,376,717
2025-10-29T12:16:11.700983,66,1,0,84,51,1081,711
2025-10-29T12:16:11.700983,66,2,15,0,3,440,486
2025-10-29T12:16:11.700983,66,3,0,266,49,977,714
2025-10-29T12:16:11.700983,66,4,0,178,583,376,717
2025-10-29T12:16:11.700983,66,5,0,789,505,1122,716
2025-10-29T12:16:11.910158,67,1,0,84,51,1081,711
2025-10-29T12:16:11.910158,67,2,15,0,3,440,486
2025-10-29T12:16:11.910158,67,3,0,250,51,1126,712
2025-10-29T12:16:11.910158,67,4,0,178,583,376,717
2025-10-29T12:16:11.910158,67,5,0,789,505,1122,716
2025-10-29T12:16:11.910158,67,6,56,0,605,275,716
2025-10-29T12:16:12.109397,68,1,0,84,51,1081,711
2025-10-29T12:16:12.109397,68,3,0,267,50,1138,712
2025-10-29T12:16:12.109397,68,4,0,178,583,376,717
2025-10-29T12:16:12.109397,68,5,0,789,505,1122,716
2025-10-29T12:16:12.109397,68,6,56,0,603,278,715
2025-10-29T12:16:12.287536,69,1,0,84,51,1081,711
2025-10-29T12:16:12.287536,69,3,0,257,50,1058,712
2025-10-29T12:16:12.287536,69,4,0,178,583,376,717
2025-10-29T12:16:12.287536,69,5,0,789,505,1122,716
2025-10-29T12:16:12.287536,69,6,56,0,604,281,717
2025-10-29T12:16:12.454066,70,1,0,84,51,1081,711
2025-10-29T12:16:12.454066,70,3,0,261,54,1134,713
2025-10-29T12:16:12.454066,70,4,0,178,583,376,717
2025-10-29T12:16:12.454066,70,5,0,789,505,1122,716
2025-10-29T12:16:12.454066,70,6,56,0,602,280,716
2025-10-29T12:16:12.627702,71,1,0,84,51,1081,711
2025-10-29T12:16:12.627702,71,3,0,256,56,1040,713
2025-10-29T12:16:12.627702,71,4,0,178,583,376,717
2025-10-29T12:16:12.627702,71,5,0,789,505,1122,716
2025-10-29T12:16:12.627702,71,6,56,0,603,280,717
2025-10-29T12:16:12.797923,72,1,0,84,51,1081,711
2025-10-29T12:16:12.797923,72,3,0,263,55,1133,713
2025-10-29T12:16:12.797923,72,4,0,178,583,376,717
2025-10-29T12:16:12.797923,72,5,0,789,505,1122,716
2025-10-29T12:16:12.797923,72,6,56,0,602,279,716
2025-10-29T12:16:12.969772,73,1,0,84,51,1081,711
2025-10-29T12:16:12.969772,73,3,0,253,56,1026,712
2025-10-29T12:16:12.969772,73,4,0,178,583,376,717
2025-10-29T12:16:12.969772,73,5,0,789,505,1122,716
2025-10-29T12:16:12.969772,73,6,56,0,603,279,716
2025-10-29T12:16:13.137687,74,1,0,84,51,1081,711
2025-10-29T12:16:13.137687,74,3,0,259,58,1125,712
2025-10-29T12:16:13.137687,74,4,0,178,583,376,717
2025-10-29T12:16:13.137687,74,5,0,789,505,1122,716
2025-10-29T12:16:13.137687,74,6,56,0,604,277,716
2025-10-29T12:16:13.314223,75,1,0,84,51,1081,711
2025-10-29T12:16:13.314223,75,3,0,237,50,1095,711
2025-10-29T12:16:13.314223,75,4,0,178,583,376,717
2025-10-29T12:16:13.314223,75,5,0,789,505,1122,716
2025-10-29T12:16:13.314223,75,6,56,0,604,277,716
2025-10-29T12:16:13.484156,76,1,0,84,51,1081,711
2025-10-29T12:16:13.484156,76,3,0,230,53,1088,712
2025-10-29T12:16:13.484156,76,4,0,178,583,376,717
2025-10-29T12:16:13.484156,76,5,0,789,505,1122,716
2025-10-29T12:16:13.484156,76,6,56,0,604,277,716
2025-10-29T12:16:13.659953,77,1,0,84,51,1081,711
2025-10-29T12:16:13.659953,77,3,0,225,45,1100,712
2025-10-29T12:16:13.659953,77,4,0,178,583,376,717
2025-10-29T12:16:13.659953,77,5,0,789,505,1122,716
2025-10-29T12:16:13.659953,77,6,56,0,597,256,718
2025-10-29T12:16:13.828143,78,1,0,84,51,1081,711
2025-10-29T12:16:13.828143,78,3,0,240,58,1093,712
2025-10-29T12:16:13.828143,78,4,0,178,583,376,717
2025-10-29T12:16:13.828143,78,5,0,789,505,1122,716
2025-10-29T12:16:13.828143,78,6,56,0,597,256,718
2025-10-29T12:16:14.000011,79,1,0,84,51,1081,711
2025-10-29T12:16:14.000011,79,3,0,247,58,1098,713
2025-10-29T12:16:14.000011,79,4,0,178,583,376,717
2025-10-29T12:16:14.000011,79,5,0,789,505,1122,716
2025-10-29T12:16:14.000011,79,6,56,0,597,256,718
2025-10-29T12:16:14.168150,80,1,0,84,51,1081,711
2025-10-29T12:16:14.168150,80,3,0,250,66,1093,713
2025-10-29T12:16:14.168150,80,4,0,178,583,376,717
2025-10-29T12:16:14.168150,80,5,0,789,505,1122,716
2025-10-29T12:16:14.168150,80,6,56,0,597,256,718
2025-10-29T12:16:14.341685,81,1,0,84,51,1081,711
2025-10-29T12:16:14.341685,81,3,0,250,66,1093,713
2025-10-29T12:16:14.341685,81,4,0,178,583,376,717
2025-10-29T12:16:14.341685,81,5,0,789,505,1122,716
2025-10-29T12:16:14.341685,81,6,56,0,597,256,718
2025-10-29T12:16:14.511650,82,1,0,84,51,1081,711
2025-10-29T12:16:14.511650,82,3,0,250,66,1093,713
2025-10-29T12:16:14.511650,82,4,0,178,583,376,717
2025-10-29T12:16:14.511650,82,5,0,789,505,1122,716
2025-10-29T12:16:14.511650,82,6,56,0,597,256,718
2025-10-29T12:16:14.683963,83,1,0,0,109,667,704
2025-10-29T12:16:14.683963,83,3,0,250,66,1093,713
2025-10-29T12:16:14.683963,83,4,0,178,583,376,717
2025-10-29T12:16:14.683963,83,5,0,789,505,1122,716
2025-10-29T12:16:14.683963,83,6,56,0,597,256,718
2025-10-29T12:16:14.829044,84,1,0,1,9,729,707
2025-10-29T12:16:14.829044,84,3,0,250,66,1093,713
2025-10-29T12:16:14.829044,84,4,0,178,583,376,717
2025-10-29T12:16:14.829044,84,5,0,789,505,1122,716
2025-10-29T12:16:14.829044,84,6,56,0,597,256,718
2025-10-29T12:16:14.973370,85,1,0,111,4,716,706
2025-10-29T12:16:14.973370,85,3,0,250,66,1093,713
2025-10-29T12:16:14.973370,85,4,0,178,583,376,717
2025-10-29T12:16:14.973370,85,5,0,789,505,1122,716
2025-10-29T12:16:14.973370,85,6,56,0,597,256,718
2025-10-29T12:16:15.130982,86,1,0,176,90,657,711
2025-10-29T12:16:15.130982,86,3,0,250,66,1093,713
2025-10-29T12:16:15.130982,86,4,0,178,583,376,717
2025-10-29T12:16:15.130982,86,5,0,789,505,1122,716
2025-10-29T12:16:15.130982,86,6,56,0,597,256,718
2025-10-29T12:16:15.273634,87,1,0,232,247,626,712
2025-10-29T12:16:15.273634,87,3,0,250,66,1093,713
2025-10-29T12:16:15.273634,87,4,0,178,583,376,717
2025-10-29T12:16:15.273634,87,5,0,789,505,1122,716
2025-10-29T12:16:15.273634,87,6,56,0,597,256,718
2025-10-29T12:16:15.415641,88,1,0,254,300,615,710
2025-10-29T12:16:15.415641,88,3,0,250,66,1093,713
2025-10-29T12:16:15.415641,88,4,0,178,583,376,717
2025-10-29T12:16:15.415641,88,5,0,789,505,1122,716
2025-10-29T12:16:15.415641,88,6,56,0,597,256,718
2025-10-29T12:16:15.553662,89,1,0,243,320,601,711
2025-10-29T12:16:15.553662,89,3,0,250,66,1093,713
2025-10-29T12:16:15.553662,89,4,0,178,583,376,717
2025-10-29T12:16:15.553662,89,5,0,789,505,1122,716
2025-10-29T12:16:15.553662,89,6,56,0,597,256,718
2025-10-29T12:16:15.693325,90,1,0,233,329,587,712
2025-10-29T12:16:15.693325,90,3,0,250,66,1093,713
2025-10-29T12:16:15.693325,90,5,0,789,505,1122,716
2025-10-29T12:16:15.693325,90,6,56,0,597,256,718
2025-10-29T12:16:15.828904,91,1,0,312,310,650,710
2025-10-29T12:16:15.828904,91,3,0,250,66,1093,713
2025-10-29T12:16:15.828904,91,5,0,789,505,1122,716
2025-10-29T12:16:15.828904,91,6,56,0,597,256,718
2025-10-29T12:16:15.968467,92,1,0,381,379,698,711
2025-10-29T12:16:15.968467,92,3,0,250,66,1093,713
2025-10-29T12:16:15.968467,92,5,0,789,505,1122,716
2025-10-29T12:16:15.968467,92,6,56,0,597,256,718
2025-10-29T12:16:16.111848,93,1,0,480,392,809,712
2025-10-29T12:16:16.111848,93,3,0,250,66,1093,713
2025-10-29T12:16:16.111848,93,5,0,789,505,1122,716
2025-10-29T12:16:16.111848,93,6,56,0,597,256,718
2025-10-29T12:16:16.278853,94,1,0,477,386,819,711
2025-10-29T12:16:16.278853,94,3,0,250,66,1093,713
2025-10-29T12:16:16.278853,94,5,0,789,505,1122,716
2025-10-29T12:16:16.278853,94,6,56,0,597,256,718
2025-10-29T12:16:16.444983,95,1,0,363,290,707,712
2025-10-29T12:16:16.444983,95,3,0,250,66,1093,713
2025-10-29T12:16:16.444983,95,5,0,789,505,1122,716
2025-10-29T12:16:16.444983,95,6,56,0,597,256,718
2025-10-29T12:16:16.600192,96,1,0,363,290,707,712
2025-10-29T12:16:16.600192,96,3,0,250,66,1093,713
2025-10-29T12:16:16.600192,96,5,0,789,505,1122,716
2025-10-29T12:16:16.600192,96,6,56,0,597,256,718
2025-10-29T12:16:16.777093,97,1,0,363,290,707,712
2025-10-29T12:16:16.777093,97,3,0,201,1,1238,711
2025-10-29T12:16:16.777093,97,6,56,0,597,256,718
2025-10-29T12:16:16.943592,98,1,0,363,290,707,712
2025-10-29T12:16:16.943592,98,3,0,240,57,1005,714
2025-10-29T12:16:16.943592,98,6,56,0,597,256,718
2025-10-29T12:16:17.107013,99,1,0,363,290,707,712
2025-10-29T12:16:17.107013,99,3,0,264,125,1063,715
2025-10-29T12:16:17.107013,99,6,56,0,597,256,718
2025-10-29T12:16:17.279482,100,1,0,363,290,707,712
2025-10-29T12:16:17.279482,100,3,0,293,179,983,717
2025-10-29T12:16:17.279482,100,6,56,0,597,256,718
2025-10-29T12:16:17.454069,101,1,0,363,290,707,712
2025-10-29T12:16:17.454069,101,3,0,385,221,914,712
2025-10-29T12:16:17.454069,101,6,56,0,597,256,718
2025-10-29T12:16:17.627743,102,1,0,363,290,707,712
2025-10-29T12:16:17.627743,102,3,0,379,210,928,712
2025-10-29T12:16:17.627743,102,6,56,0,597,256,718
2025-10-29T12:16:17.799936,103,1,0,363,290,707,712
2025-10-29T12:16:17.799936,103,3,0,478,281,835,710
2025-10-29T12:16:17.799936,103,6,56,0,597,256,718
2025-10-29T12:16:17.970264,104,1,0,363,290,707,712
2025-10-29T12:16:17.970264,104,3,0,379,227,898,713
2025-10-29T12:16:17.970264,104,6,56,0,597,256,718
2025-10-29T12:16:18.137636,105,1,0,363,290,707,712
2025-10-29T12:16:18.137636,105,3,0,462,248,825,710
2025-10-29T12:16:18.137636,105,6,56,0,597,256,718
2025-10-29T12:16:18.307680,106,1,0,363,290,707,712
2025-10-29T12:16:18.307680,106,3,0,454,259,821,712
2025-10-29T12:16:18.307680,106,6,56,0,597,256,718
2025-10-29T12:16:18.481163,107,1,0,363,290,707,712
2025-10-29T12:16:18.481163,107,3,0,456,252,834,711
2025-10-29T12:16:18.481163,107,6,56,0,597,256,718
2025-10-29T12:16:18.667060,108,1,0,363,290,707,712
2025-10-29T12:16:18.667060,108,3,0,453,253,847,712
2025-10-29T12:16:18.854228,109,1,0,363,290,707,712
2025-10-29T12:16:18.854228,109,3,0,460,263,826,713
2025-10-29T12:16:19.011527,110,1,0,363,290,707,712
2025-10-29T12:16:19.011527,110,3,0,455,255,828,712
2025-10-29T12:16:19.181217,111,1,0,363,290,707,712
2025-10-29T12:16:19.181217,111,3,0,451,262,813,713
2025-10-29T12:16:19.340354,112,1,0,363,290,707,712
2025-10-29T12:16:19.340354,112,3,0,458,269,821,712
2025-10-29T12:16:19.490211,113,1,0,363,290,707,712
2025-10-29T12:16:19.490211,113,3,0,460,268,824,712
2025-10-29T12:16:19.654112,114,1,0,363,290,707,712
2025-10-29T12:16:19.654112,114,3,0,460,278,818,711
2025-10-29T12:16:19.809029,115,1,0,363,290,707,712
2025-10-29T12:16:19.809029,115,3,0,461,280,824,711
2025-10-29T12:16:19.963528,116,1,0,363,290,707,712
2025-10-29T12:16:19.963528,116,3,0,458,282,815,711
2025-10-29T12:16:20.131197,117,1,0,363,290,707,712
2025-10-29T12:16:20.131197,117,3,0,457,280,813,711
2025-10-29T12:16:20.311528,118,1,0,363,290,707,712
2025-10-29T12:16:20.311528,118,3,0,456,278,811,711
2025-10-29T12:16:20.481174,119,1,0,363,290,707,712
2025-10-29T12:16:20.481174,119,3,0,457,277,816,711
2025-10-29T12:16:20.623065,120,1,0,363,290,707,712
2025-10-29T12:16:20.623065,120,3,0,461,272,820,712
2025-10-29T12:16:20.787954,121,1,0,363,290,707,712
2025-10-29T12:16:20.787954,121,3,0,459,257,838,711
2025-10-29T12:16:20.937315,122,1,0,363,290,707,712
2025-10-29T12:16:20.937315,122,3,0,471,264,862,711
2025-10-29T12:16:21.096824,123,1,0,363,290,707,712
2025-10-29T12:16:21.096824,123,3,0,468,275,873,711
2025-10-29T12:16:21.242635,124,1,0,363,290,707,712
2025-10-29T12:16:21.242635,124,3,0,456,280,866,711
2025-10-29T12:16:21.407665,125,1,0,363,290,707,712
2025-10-29T12:16:21.407665,125,3,0,452,284,862,711
2025-10-29T12:16:21.556280,126,3,0,51,292,861,710
2025-10-29T12:16:21.716880,127,3,0,51,292,861,710
2025-10-29T12:16:21.895343,128,3,0,1,295,831,711
2025-10-29T12:16:22.062907,129,3,0,1,295,831,711
2025-10-29T12:16:22.236778,130,3,0,514,288,857,712
2025-10-29T12:16:22.404295,131,3,0,514,288,857,712
2025-10-29T12:16:22.547364,132,3,0,495,295,829,712
2025-10-29T12:16:22.710117,133,3,0,495,286,833,710
2025-10-29T12:16:22.854643,134,3,0,472,269,819,711
2025-10-29T12:16:22.995277,135,3,0,459,280,801,712
2025-10-29T12:16:23.160459,136,3,0,453,275,790,712
2025-10-29T12:16:23.304510,137,3,0,449,283,784,712
2025-10-29T12:16:23.476381,138,3,0,442,283,780,712
2025-10-29T12:16:23.662924,139,3,0,441,287,778,712
2025-10-29T12:16:23.813844,140,3,0,440,283,783,712
2025-10-29T12:16:23.956927,141,3,0,441,279,789,711
2025-10-29T12:16:24.094251,142,3,0,440,277,794,712
2025-10-29T12:16:24.232123,143,3,0,441,275,798,712
2025-10-29T12:16:24.369508,144,3,0,441,275,802,712
2025-10-29T12:16:24.508867,145,3,0,443,274,805,712
2025-10-29T12:16:24.643823,146,3,0,443,272,806,712
2025-10-29T12:16:24.788620,147,3,0,442,283,802,712
2025-10-29T12:16:24.961651,148,3,0,454,270,811,711
2025-10-29T12:16:25.132987,149,3,0,458,273,813,711
2025-10-29T12:16:25.299811,150,3,0,454,272,810,711
2025-10-29T12:16:25.486111,151,3,0,453,272,809,711
2025-10-29T12:16:25.648629,152,3,0,444,274,799,712
2025-10-29T12:16:25.821635,153,3,0,438,276,794,712
2025-10-29T12:16:25.994666,154,3,0,436,276,793,712
